<?xml version="1.0" encoding="UTF-8" standalone="yes"?>
<addon id="repository.mfki" name="MFKI Repository" version="0.1" provider-name="mfki">
    <extension point="xbmc.addon.repository" name="MFKI Repository">
        <dir>
            <info compressed="false">https://raw.githubusercontent.com/mfki/repository.mfki/master/repo/zips/addons.xml</info>
            <checksum>https://raw.githubusercontent.com/mfki/repository.mfki/master/repo/zips/addons.xml.md5</checksum>
            <datadir zip="true">https://raw.githubusercontent.com/mfki/repository.mfki/master/repo/zips/</datadir>
        </dir>
    </extension>
    <extension point="xbmc.addon.metadata">
        <summary>MFKI Repository</summary>
        <description>A place for my stuff.</description>
        <disclaimer></disclaimer>
        <platform>all</platform>
        <assets>
            <icon>icon.png</icon>
            <fanart>fanart.jpg</fanart>
        </assets>
    </extension>
</addon>